"source_row","book_id","author_surname","gender","book_title","genre","binding","notes","retail_price","royalty_rate","contract_terms","publisher","publication_year","author_id","raw_royalty_rate","raw_retail_price","raw_unlabeled","raw_publisher"
4,"EWB1896A","Brodhead","Female","One of the Visconti","Novel","Cloth","1896",0.75,0.1,,"Scribner's",1896,"EWB",".10",".75","","Scribner"
7,"HHB1890A","Boyeson","Male","Against Heavy Odds","Novel","Cloth","1890",1,0.1,"10%","Scribner's",1890,"HHB",".10","1.00","","Scribner"
8,"HB1894B","Boyeson","Male","Against Heavy Odds","Novel","Cloth","1894; Unlabeled: new edn",1.25,0.1,,,1894,"HB",".10","1.25","new edn",""
9,"HHB1874A","Boyeson","Male","Gunnar","Novel","Cloth","Publisher note: transferred from J. R. Osgood",,,,"Scribner's",1874,"HHB","","","","Scribner [transferred from J. R. Osgood]"
10,"HHB1894A","Boyeson","Male","Norseland Tales","Short Story Collection/Novella","Cloth","1894",,,,"Scribner's",1894,"HHB","","","","Scribner"
11,"HHB1877A","Boyeson","Male","Tales from Two Hemisphers","Short Story Collection/Novella","Cloth","1880; Publisher note: transferred from J.R. Osgood; orig. pub 1877",,,,"Scribner's",1877,"HHB","","","","Scribner [transferred from J.R. Osgood; orig. pub 1877]"
13,"MLB1895A","Branch","Female","The Kanter Girls","Novel","Cloth","1895",1.5,0.1,"10% after 1000 copies","Scribner's",1895,"MLB",".10","1.50","","Scribner"
15,"HCB1887A","Bunner","Male","Story of a. New York House","Novel","Cloth","1887",1.25,0.15,,"Scribner's",1887,"HCB",".15","1.25","","Scribner"
16,"HCB1891A","Bunner","Male","Zadoc Pine","Short Story Collection/Novella","Cloth","1891",1,0.15,,"Scribner's",1891,"HCB",".15","1.00","","Scribner"
17,"HCB1891B","Bunner","Male","Zadoc Pine","Short Story Collection/Novella","Paper",,0.5,0.1,,"Scribner's",1891,"HCB",".10",".50","","Scribner"
18,"HCB1886A","Bunner","Male","The Midge","Novel","Cloth","1886",1,0.15,"500 advance royalty; 15% after 3000 copies","Scribner's",1886,"HCB",".15","1.00","","Scribner"
19,"HCB1886B","Bunner","Male","The Midge","Novel","Paper",,0.5,,,"Scribner's",1886,"HCB","",".50","","Scribner"
20,"HCB1884A","Bunner","Male","Airs from Arcady","Poetry","Cloth","1884",1.25,0.1,,"Scribner's",1884,"HCB",".10","1.25","","Scribner"
21,"HCB1896A","Bunner","Male","Jersey Street & Jersey Land","Short Story Collection/Novella","Cloth","1896",1.25,0.15,,"Scribner's",1896,"HCB",".15","1.25","","Scribner"
22,"HCB1896B","Bunner","Male","Love in Old Cloathes","Short Story Collection/Novella","Cloth","1896",1.5,0.15,,"Scribner's",1896,"HCB",".15","1.50","","Scribner"
25,"FHB1886A","Burnett","Female","Little Lord Fauntleroy","Novel","Cloth","1886",2,0.125,"12-1/2%","Scribner's",1886,"FHB",".125","2.00","","Scribner"
26,"FHB1888A","Burnett","Female","Sara Crewe","Short Story Collection/Novella","Cloth","1888",1,,,"Scribner's",1888,"FHB","","1.00","","Scribner"
27,"FHB1889A","Burnett","Female","The Pretty Sister of Jose","Novel","Cloth","1889",1,,,"Scribner's",1889,"FHB","","1.00","","Scribner"
28,"FHB1877A","Burnett","Female","That Lass O’ Lowries","Novel","Cloth","1877",,,,"Scribner's",1877,"FHB","","","","Scribner"
29,"FHB1877B","Burnett","Female","Surly Tim","Short Story Collection/Novella","Cloth","1877",,0.1,,"Scribner, Armstrong & Co.",1877,"FHB",".10","","","Scribner, Armstrong & Co."
30,"FHB1878A","Burnett","Female","Lindsay’s Luck","Short Story Collection/Novella","Cloth","1878",,,,"Scribner's",1878,"FHB","","","","Scribner"
31,"FHB1878B","Burnett","Female","Kathleen","Short Story Collection/Novella","Cloth","1878; printed with Polly Pemberton",,,,"Scribner's",1878,"FHB","","","","Scribner"
32,"FHB1878C","Burnett","Female","Polly Pemberton","Novel","Cloth","1878",,,,"Scribner's",1878,"FHB","","","","Scribner"
33,"FHB1879A","Burnett","Female","Miss Crespigny","Novel","Cloth","1879",,,,"Scribner's",1879,"FHB","","","","Scribner"
34,"FHB1881A","Burnett","Female","Fair Barbarian","Novel","Cloth","first published by Osgood, 1881; transferred to Scribner",1.25,0.125,"12-1/2%","Scribner's",1881,"FHB",".125","1.25","","Scribner"
35,"FHB1892A","Burnett","Female","Giovanni","Short Story Collection/Novella","Cloth","1892",1.5,0.125,"12-1/2%","Scribner's",1892,"FHB",".125","1.50","","Scribner"
36,"FHB1893A","Burnett","Female","The One I Knew Best of All","Memoir","Cloth","1893",2,0.15,"15%","Scribner's",1893,"FHB",".15","2.00","","Scribner"
37,"FHB1890A","Burnett","Female","Little Saint Elizabeth","Short Story Collection/Novella","Cloth","1890",1.5,0.125,"12-1/2%1000 royalty advance","Scribner's",1890,"FHB",".125","1.50","","Scribner"
38,"FHB1894A","Burnett","Female","Piccino","Short Story Collection/Novella","Cloth","1894",1.5,,"15%","Scribner's",1894,"FHB","","1.50","","Scribner"
39,"FHB1895A","Burnett","Female","Two Little Pilgrims’ Progress","Children's Literature/Juvenile","Cloth","1895[a story about the Chicago World’s Fair]",1.5,0.2,"20%5000 advance royalty","Scribner's",1895,"FHB",".2","1.50","","Scribner"
40,"FHB1896A","Burnett","Female","A Lady of Quality","Novel","Cloth","1896",1.5,0.2,"20%5000 advance royalty","Scribner's",1896,"FHB",".2","1.50","","Scribner"
41,"FHB1879B","Burnett","Female","Haworth’s","Novel","Cloth","1879",,,,"Scribner's",1879,"FHB","","","","Scribner"
42,"FHB1884A","Burnett","Female","Vagabondia","Novel","Cloth","1884",1.25,0.125,"12-1/2%","Scribner's",1884,"FHB",".125","1.25","","Scribner"
43,"FHB1884B","Burnett","Female",,"Novel","Paper",,0.5,0.125,"12-1/2%","Scribner's",1884,"FHB",".125",".50","","Scribner"
45,"GWC1885A","Cable","Male","Dr. Sevier","Novel","Cloth","transferred from Ticknor & Co.; first published by Osgood 1885",1.25,0.15,"15%","Scribner's",1885,"GWC",".15","1.25","","Scribner"
46,"GWC1885B","Cable","Male","Dr. Sevier","Novel","Paper",,0.5,0.15,"15%","Scribner's",1885,"GWC",".15",".50","","Scribner"
47,"GWC1886A","Cable","Male","Bonaventure","Novel","Cloth","1886",1.25,0.15,"15%","Scribner's",1886,"GWC",".15","1.25","","Scribner"
48,"GWC1886B","Cable","Male","Bonaventure","Novel","Paper",,0.5,0.15,"15%","Scribner's",1886,"GWC",".15",".50","","Scribner"
49,"GWC1879A","Cable","Male","Old Creole Days","Short Story Collection/Novella","Cloth","1879",,,,"Scribner's",1879,"GWC","","","","Scribner"
50,"GWC1880A","Cable","Male","The Grandissimes","Novel","Cloth","1880",1.5,,,"Scribner's",1880,"GWC","","1.50","","Scribner"
51,"GWC1883","Cable","Male","The Grandissimes","Novel","Cloth","Unlabeled: new edn",1.25,0.15,,"Scribner's",1883,"GWC",".15","1.25","new edn","Scribner"
52,"GWC1880B","Cable","Male","The Grandissimes","Novel","Paper","1891",0.5,0.15,"15%","Scribner's",1880,"GWC",".15",".50","","Scribner"
53,"GWC1889A","Cable","Male","Strange True Stories","Short Story Collection/Novella","Cloth","1889",2,0.15,"15%","Scribner's",1889,"GWC",".15","2.00","","Scribner"
54,"GWC1893A","Cable","Male","Strange True Stories","Short Story Collection/Novella","Cloth","Unlabeled: uniform edn",1.25,,,"Scribner's",1893,"GWC","","1.25","uniform edn","Scribner"
55,"GWC1894A","Cable","Male","John March, Southerner","Novel","Cloth","1894",1.5,0.15,"15%","Scribner's",1894,"GWC",".15","1.50","","Scribner"
56,"GWC1899A","Cable","Male","Strong Hearts","Short Story Collection/Novella","Cloth","1899",,,,"Scribner's",1899,"GWC","","","","Scribner"
57,"GWC1901A","Cable","Male","The Cavalier","Novel","Cloth","1901",1.5,,,"Scribner's",1901,"GWC","","1.50","","Scribner"
58,"GWC1902A","Cable","Male","Bylow Hill","Novel","Cloth","1902",,,,"Scribner's",1902,"GWC","","","","Scribner"
60,"RHD1-1892A","Davis, Rebecca H.","Female","Kent Hampden","Novel","Cloth","1892",1,0.1,"10%","Scribner's",1892,"RHD1",".10","1.00","","Scribner"
61,"RHD1-1892B","Davis, Rebecca H.","Female","Silhouettes of American Life","Short Story Collection/Novella","Cloth","1892",1,0.1,"10%","Scribner's",1892,"RHD1",".10","1.00","","Scribner"
62,"RHD1-1896A","Davis, Rebecca H.","Female","Dr. Warrick’s Daughters","Novel","Cloth","1896",,,,"Harper & Brothers",1896,"RHD1","","","","Harper"
63,"RHD1-1897A","Davis, Rebecca H.","Female","Frances Waldeaux","Novel","Cloth","1897",,,,"Harper & Brothers",1897,"RHD1","","","","Harper"
64,"RHD1-1862A","Davis, Rebecca H.","Female","Margret Howth","Novel","Cloth","1862",,,,"Ticknor & Fields",1862,"RHD1","","","","Ticknor & Fields"
68,"RHD2-1891A","Davis, Richard H.","Male","Gallegher & Other Stories","Short Story Collection/Novella","Cloth","1891",1,0.15,,"Scribner's",1891,"RHD2",".15","1.00","","Scribner"
69,"RHD2-1891B","Davis, Richard H.","Male","Gallegher & Other Stories","Short Story Collection/Novella","Paper",,0.5,0.1,,"Scribner's",1891,"RHD2",".10",".50","","Scribner"
70,"RHD2-1891C","Davis, Richard H.","Male","Stories for Boys","Short Story Collection/Novella","Cloth","1891",,,,"Scribner's",1891,"RHD2","","","","Scribner"
71,"RHD2-1896A","Davis, Richard H.","Male","Cinderella & Other Stories","Short Story Collection/Novella","Cloth","1896",,,,"Scribner's",1896,"RHD2","","","","Scribner"
72,"RHD2-1903A","Davis, Richard H.","Male","The Bar Sinister","Short Story Collection/Novella","Cloth","1903",,,,"Scribner's",1903,"RHD2","","","","Scribner"
73,"RHD2-1917A","Davis, Richard H.","Male","The Boy Scout & Other Stories","Short Story Collection/Novella","Cloth","1917",1.25,,,"Scribner's",1917,"RHD2","","1.25","","Scribner"
74,"RHD2-1894A","Davis, Richard H.","Male","The Exiles & Other Stories","Short Story Collection/Novella","Cloth","1894",,,,"Harper & Brothers",1894,"RHD2","","","","Harper"
75,"RHD2-1913A","Davis, Richard H.","Male","The Lost Road","Short Story Collection/Novella","Cloth","1913",,,,"Scribner's",1913,"RHD2","","","","Scribner"
76,"RHD2-1910A","Davis, Richard H.","Male","Once Upon a Time","Short Story Collection/Novella","Cloth","1910",,,,"Scribner's",1910,"RHD2","","","","Scribner"
77,"RHD2-1895A","Davis, Richard H.","Male","The Princess Aline","Novel","Cloth","1895",,,,"Harper & Brothers",1895,"RHD2","","","","Harper"
80,"EE1878A","Eggleston","Male","Roxy","Novel","Cloth","1878",,,,"Scribner's",1878,"EE","","","","Scribner"
81,"EE1871A","Eggleston","Male","Queer Stories","Short Story Collection/Novella","Cloth","1884",1,0.125,"first published in 1871 under the title The Book of Queer Stories and then in 1874 as The Schoolmaster’s Stories for Boys and Girls","Scribner's",1871,"EE",".125","1.00","","Scribner"
82,"EE1878B","Eggleston","Male","The Circuit Rider","Novel","Cloth","1878; Publisher note: first published in NY by J. B. Ford & Co. 1874",,,,"Scribner's",1878,"EE","","","","Scribner [first published in NY by J. B. Ford & Co. 1874]"
83,"EE1883A","Eggleston","Male","The Hoosier School-boy","Novel","Cloth","1883",,,,"Scribner's",1883,"EE","","","","Scribner"
84,"EE1885A","Eggleston","Male","The Hoosier School-master","Novel","Cloth","1885",,,,"Scribner's",1885,"EE","","","","Scribner"
87,"HF1887A","Frederic","Male","Seth’s Brother’s Wife","Novel","Cloth","1887",1.25,0.12,,"Scribner's",1887,"HF",".12","1.25","","Scribner"
88,"HF1890A","Frederic","Male","The Lawton Girl","Novel","Cloth","1890",1.25,0.12,"250 advance royalty","Scribner's",1890,"HF",".12","1.25","","Scribner"
89,"HJ1890B","Frederic","Male","The Lawton Girl","Novel","Paper",,0.5,0.12,,"Scribner's",1890,"HJ",".12",".50","","Scribner"
90,"HF1890C","Frederic","Male","In the Valley","Novel","Cloth","1890",1.5,0.15,,"Scribner's",1890,"HF",".15","1.50","","Scribner"
91,"HF1890D","Frederic","Male","In the Valley","Novel","Paper",,,0.1,,"Scribner's",1890,"HF",".10","","","Scribner"
92,"HF1893A","Frederic","Male","The Copperhead","Short Story Collection/Novella","Cloth","1893",1,0.15,"C 15%P 10%100 advance royalty","Scribner's",1893,"HF",".15","1.00","","Scribner"
93,"HF1893B","Frederic","Male","The Copperhead","Short Story Collection/Novella","Paper",,,0.1,,"Scribner's",1893,"HF",".10","","","Scribner"
94,"HF1894A","Frederic","Male","Marsena & Other Stories of the Wartime","Short Story Collection/Novella","Cloth","1894",1,0.15,,"Scribner's",1894,"HF",".15","1.00","","Scribner"
95,"HF1894B","Frederic","Male","Marsena & Other Stories of the Wartime","Short Story Collection/Novella","Paper","1894",,0.1,,"Scribner's",1894,"HF",".10","","","Scribner"
98,"ACG1895A","Goodloe","Female","College Girls","Short Story Collection/Novella","Cloth","1895",1.25,0.1,"10%","Scribner's",1895,"ACG",".10","1.25","","Scribner"
101,"RG1890A","Grant","Male","Jack Hall","Novel","Cloth","1890",1.25,,"first published by Jordan Marsh Co. in 1888; 10% to 15% thereafter","Scribner's",1890,"RG","SS","1.25","","Scribner"
102,"RG1890B","Grant","Male","Jack in the Bush","Novel","Cloth",,1.25,,"first published by Jordan Marsh Co. in 1888; 10% to 15% thereafter","Scribner's",1890,"RG","SS","1.25","","Scribner"
103,"RG1895A","Grant","Male","The Bachelor’s Christmas","Short Story Collection/Novella","Cloth","1895",1.5,0.15,"15%","Scribner's",1895,"RG",".15","1.50","","Scribner"
104,"RG1900A","Grant","Male","Unleavened Bread","Novel","Cloth","1900",1.5,,,"Scribner's",1900,"RG","","1.50","","Scribner"
105,"RG1884A","Grant","Male","An Average Man","Novel","Cloth","1884",,,,"J. R. Osgood & Co",1884,"RG","","","","JR Osgood"
106,"RG1909A","Grant","Male","The Chippendales","Novel","Cloth","1909",,,,"Scribner's",1909,"RG","","","","Scribner"
107,"RG1880A","Grant","Male","The Confessions of a Frivolous Girl","Novel","Cloth","1880",,,,"J. R. Osgood & Co",1880,"RG","","","","JR Osgood"
108,"RG1886A","Grant","Male","Face to Face","Novel","Cloth","1886",1.25,0.15,"500 advance royalty","Scribner's",1886,"RG",".15","1.25","","Scribner"
109,"RG1915A","Grant","Male","The High Priestess","Novel","Cloth","1915",,,,"Scribner's",1915,"RG","","","","Scribner"
110,"RG1906A","Grant","Male","The Law-Breakers & Other Stories","Short Story Collection/Novella","Cloth","1906",,,,"Scribner's",1906,"RG","","","","Scribner"
111,"RG1894A","Grant","Male","The Opinions of a Philosopher","Novel","Cloth","1894",,,,"Scribner's",1894,"RG","","","","Scribner"
112,"RG1905A","Grant","Male","The Orchid","Novel","Cloth","1905",,,,"Scribner's",1905,"RG","","","","Scribner"
113,"RG1892A","Grant","Male","The Reflections of a Married Man","Novel","Cloth","1892",1,0.15,,"Scribner's",1892,"RG",".15","1.00","","Scribner"
114,"RG1892B","Grant","Male","The Reflections of a Married Man","Novel","Paper",,0.5,0.15,,"Scribner's",1892,"RG",".15",".50","","Scribner"
117,"MH1890A","Harland, Marion","Female","With the Best Intentions","Novel","Cloth","1890",1,,"pseud. of Mary Virginia Terhune","Scribner's",1890,"MH","","1.00","","Scribner"
120,"JCH1887A","Harris","Male","Free Joe","Short Story Collection/Novella","Cloth","1887",,0.15,,"Scribner's",1887,"JCH",".15","","","Scribner"
121,"JCH1887B","Harris","Male","Free Joe","Short Story Collection/Novella","Paper","1887",,0.1,,"Scribner's",1887,"JCH",".10","","","Scribner"
122,"JCH1894A","Harris","Male","Evening Tales","Short Story Collection/Novella","Cloth","1894",1,0.1,"10%translation from the French","Scribner's",1894,"JCH",".10","1.00","","Scribner"
124,"JH1896A","Hawthorne J","Male","A Fool of Nature","Novel","Cloth","1896",1.25,,,"Scribner's",1896,"JH","","1.25","","Scribner"
128,"HJ1900A","James","Male","The Sacred Fount","Novel","Cloth","1900",1.5,,,"Scribner's",1900,"HJ","","1.50","","Scribner"
131,"RJ1892A","Johnson","Male","End of a Rainbow","Novel","Cloth","1892",1.5,,,"Scribner's",1892,"RJ","","1.50","","Scribner"
132,"RJ1881A","Johnson","Male","Phaeton Rogers","Children's Literature/Juvenile","Cloth","1881",,,,"Scribner's",1881,"RJ","","","","Scribner"
136,"MK1911A","Kelly","Female","Her Little Young Ladyship","Novel","Cloth","1911",1.25,,,"Scribner's",1911,"MK","","1.25","","Scribner"
137,"MK1910A","Kelly","Female","Little Aliens","Novel","Cloth","1910",1.5,,,"Scribner's",1910,"MK","","1.50","","Scribner"
140,"FL1910A","Landis","Male","Angel of Lonesome Hill","Novel","Cloth","1910; Retail Price: .50 / .75",,,,"Scribner's",1910,"FL","",".50 / .75","","Scribner"
142,"CL1907A","Laughlin","Female","Felicity: The Making of a Comedienne","Novel","Cloth","1907",1.5,,,"Scribner's",1907,"CL","","1.50","","Scribner"
143,"CL1907B","Laughlin","Female","Felicity: The Making of a Comedienne","Novel","Paper","1909",,,"cheap edn","Scribner's",1907,"CL","","","","Scribner"
145,"JL1917A","Lee","Female","The Green Jacket","Novel","Cloth","1917",1.35,,,"Scribner's",1917,"JL","","1.35","","Scribner"
146,"JL1919A","Lee","Female","The Raincoat Girl","Novel","Cloth","1919",1.6,,,"Scribner's",1919,"JL","","1.60","","Scribner"
148,"NL1905A","Lloyd","Male","Mrs. Radigan","Novel","Cloth","1905",1,,,"Scribner's",1905,"NL","","1.00","","Scribner"
149,"NL1913A","Lloyd","Male","David Malcolm","Novel","Cloth","1913",1.35,,,"Scribner's",1913,"NL","","1.35","","Scribner"
150,"NL1904A","Lloyd","Male","Pastime of Eternity","Novel","Cloth","1904",1.5,,,"Scribner's",1904,"NL","","1.50","","Scribner"
152,"CHL1891A","Lummis","Male","A New Mexico David","Short Story Collection/Novella","Cloth","1891",1.25,0.1,"10% after 500","Scribner's",1891,"CHL",".10","1.25","","Scribner"
153,"CHL1897A","Lummis","Male","The King of the Broncos","Short Story Collection/Novella","Cloth","1897",1.25,,,"Scribner's",1897,"CHL","","1.25","","Scribner"
156,"FL1897A","Lynde","Male","A Romance in Transit","Novel","Cloth","1897",0.75,0.1,"10% after 750 copies","Scribner's",1897,"FL",".10",".75","","Scribner"
159,"JM1906A","Magruder","Female","Across the Chasm","Novel","Paper","1906",0.5,0.1,"first published anonymously in 1885","Scribner's",1906,"JM",".10",".50","","Scribner"
160,"JM1885A","Magruder","Female","Across the Chasm","Novel","Cloth","1885",1,0.1,,"Scribner's",1885,"JM",".10","1.00","","Scribner"
162,"JAM1897A","Mitchell","Male","Gloria Victis","Novel","Cloth","1897",1.25,0.15,"15%","Scribner's",1897,"JAM",".15","1.25","","Scribner"
163,"JAM1895A","Mitchell","Male","Amos Judd","Novel","Cloth","1895",0.75,0.15,"15%","Scribner's",1895,"JAM",".15",".75","","Scribner"
164,"JAM1896A","Mitchell","Male","That First Affair","Short Story Collection/Novella","Cloth","1896",1.25,0.15,"15%","Scribner's",1896,"JAM",".15","1.25","","Scribner"
167,"KM1898A","Munroe","Male","In Pirate Waters","Novel","Cloth","1898",1.25,0.1,"10%","Scribner's",1898,"KM",".10","1.25","","Scribner"
168,"KM1900A","Munroe","Male","Brethren of the Coast","Novel","Cloth","1900",1.25,,"15%","Scribner's",1900,"KM","","1.25","","Scribner"
169,"KM1899A","Munroe","Male","Midshipman Stuart","Novel","Cloth","1899",1.25,,"15%500 advance royalty","Scribner's",1899,"KM","","1.25","","Scribner"
173,"TNP1887A","Page","Male","In Ole Virginia","Short Story Collection/Novella","Cloth","1887",1.25,0.15,"15%","Scribner's",1887,"TNP",".15","1.25","","Scribner"
174,"TNP1890A","Page","Male","In Ole Virginia[Cameo Edn]","Short Story Collection/Novella","Cloth","1890",1.25,0.15,"15%","Scribner's",1890,"TNP",".15","1.25","","Scribner"
175,"TNP1896A","Page","Male","In Ole Virginia","Short Story Collection/Novella","Cloth","1896; Unlabeled: illustrated edn",2.5,0.15,,"Scribner's",1896,"TNP",".15","2.50","illustrated edn","Scribner"
176,"TNP1883A","Page","Male","Two Little Confederates","Children's Literature/Juvenile","Cloth","1888",1.5,0.15,"15%","Scribner's",1883,"TNP",".15","1.50","","Scribner"
177,"TNP1892A","Page","Male","Marse Chan","Novel","Cloth","1892",1.5,,"first published 1884","Scribner's",1892,"TNP","","1.50","","Scribner"
178,"TNP1897A","Page","Male","Marse Chan [new edition]","Novel","Cloth","1897",1,0.15,"15%","Scribner's",1897,"TNP",".15","1.00","","Scribner"
179,"TNP1893A","Page","Male","Meh Lady","Short Story Collection/Novella","Cloth","1893",,,,"Scribner's",1893,"TNP","","","","Scribner"
180,"TNP1897B","Page","Male","Meh Lady[new edition]","Short Story Collection/Novella","Cloth","1897",1,0.15,"15%","Scribner's",1897,"TNP",".15","1.00","","Scribner"
181,"TNP1891A","Page","Male","Elsket & Other Stories","Short Story Collection/Novella","Cloth","1891",1,,,"Scribner's",1891,"TNP","","1.00","","Scribner"
182,"TNP1894A","Page","Male","Polly","Short Story Collection/Novella","Cloth","1894",,,,"Scribner's",1894,"TNP","","","","Scribner"
183,"TNP1894B","Page","Male","Burial of the Guns","Short Story Collection/Novella","Cloth","1894",1.25,,,"Scribner's",1894,"TNP","","1.25","","Scribner"
184,"TNP1898A","Page","Male","Red Rock","Novel","Cloth","1898",1.5,0.15,"15%","Scribner's",1898,"TNP",".15","1.50","","Scribner"
185,"TNP1904A","Page","Male","Red Rock [new edition]","Novel","Cloth","1904",,,,"Scribner's",1904,"TNP","","","","Scribner"
186,"TNP1909A","Page","Male","John Marvel","Novel","Cloth","1909; Unlabeled: price later increased to $2",1.5,,,"Scribner's",1909,"TNP","","1.50","price later increased to $2","Scribner"
187,"TNP1903A","Page","Male","Gordon Keith","Novel","Cloth","1903",1.5,,,"Scribner's",1903,"TNP","","1.50","","Scribner"
188,"TNP1905A","Page","Male","Gordon Keith [special edition]","Novel","Cloth","1905",,,,"Scribner's",1905,"TNP","","","","Scribner"
189,"TNP1904B","Page","Male","Bred in the Bone","Novel","Cloth","1904; Retail Price: 1.50 / 1.75",,,,"Scribner's",1904,"TNP","","1.50 / 1.75","","Scribner"
192,"FP1903A","Palmer","Male","The Vagabond","Novel","Cloth","1903",,,,"Scribner's",1903,"FP","","","","Scribner"
193,"FP1912A","Palmer","Male","Over the Pass","Novel","Cloth","1912",,,,"Scribner's",1912,"FP","","","","Scribner"
194,"FP1914A","Palmer","Male","Last Shot","Novel","Cloth","1914",,,,"Scribner's",1914,"FP","","","","Scribner"
195,"FP1906A","Palmer","Male","Lucy of the Stars","Novel","Cloth","1906",,,,"Scribner's",1906,"FP","","","","Scribner"
198,"FRP1908A","Powell","Female","Old Mr. Davenant’s Money","Novel","Cloth","1908",,,,"Scribner's",1908,"FRP","","","","Scribner"
199,"FRP1902A","Powell","Female","The House on the Hudson","Novel","Cloth","1902",,,,"Scribner's",1902,"FRP","","","","Scribner"
201,"EMR1910A","Royle","Male","The Silent Call","Novel","Cloth","1910",,,,"Scribner's",1910,"EMR","","","","Scribner"
204,"MES1896A","Seawell","Female","Romance of Marsac","Novel","Cloth","1896",1.25,,,"Scribner's",1896,"MES","","1.25","","Scribner"
205,"MES1900A","Seawell","Female","House of Egremont","Novel","Cloth","1900",1.5,,"15% to 3000; 20% thereafter2000 advance royalty","Scribner's",1900,"MES","SS","1.50","","Scribner"
206,"MES1901A","Seawell","Female","Papa Bouchard","Novel","Cloth","1901",1.25,0.2,"20%1500 advance royalty","Scribner's",1901,"MES",".20","1.25","","Scribner"
207,"MES1897A","Seawell","Female","The History of the Lady Betty Stair","Novel","Cloth","1897",1.25,0.15,"15%[100 bonus]","Scribner's",1897,"MES",".15","1.25","","Scribner"
210,"FS1887A","Stockton","Male","The Bee Man of Orn","Short Story Collection/Novella","Cloth",,1.25,0.15,"15%","Scribner's",1887,"FS",".15","1.25","","Scribner"
211,"FS1890A","Stockton","Male","Ardis Claverden","Novel","Cloth",,1.5,0.15,,"Scribner's",1890,"FS",".15","1.50","","Scribner"
212,"FS1886A","Stockton","Male","The Late Mrs. Null","Novel","Cloth",,1.5,0.15,"15%","Scribner's",1886,"FS",".15","1.50","","Scribner"
213,"FS1887B","Stockton","Male","The Late Mrs. Null","Novel","Cloth","Unlabeled: new uniform edn",1.25,0.15,,"Scribner's",1887,"FS",".15","1.25","new uniform edn","Scribner"
214,"FS1882A","Stockton","Male","The Lady or the Tiger","Short Story Collection/Novella","Cloth",,1,0.15,,"Scribner's",1882,"FS",".15","1.00","","Scribner"
215,"FS1887C","Stockton","Male","The Lady or the Tiger","Short Story Collection/Novella","Cloth","Unlabeled: new uniform edn",1.25,0.15,,"Scribner's",1887,"FS",".15","1.25","new uniform edn","Scribner"
216,"FS1886B","Stockton","Male","The Christmas Wreck","Short Story Collection/Novella","Cloth",,1,0.15,,"Scribner's",1886,"FS",".15","1.00","","Scribner"
217,"FS1887D","Stockton","Male","The Christmas Wreck","Short Story Collection/Novella","Cloth","Unlabeled: new uniform edn",1.25,0.15,,"Scribner's",1887,"FS",".15","1.25","new uniform edn","Scribner"
218,"FS1888A","Stockton","Male","Amos Kilbright","Short Story Collection/Novella","Cloth",,1.25,0.15,,"Scribner's",1888,"FS",".15","1.25","","Scribner"
219,"FS1889A","Stockton","Male","Personally Conducted","Travel","Cloth",,2,0.15,,"Scribner's",1889,"FS",".15","2.00","","Scribner"
220,"FS1891A","Stockton","Male","The Rudder Grangers Abroad","Short Story Collection/Novella","Cloth",,1.25,0.15,,"Scribner's",1891,"FS",".15","1.25","","Scribner"
221,"FS1893A","Stockton","Male","The Watchmaker’s Wife","Short Story Collection/Novella","Cloth",,1.25,0.15,,"Scribner's",1893,"FS",".15","1.25","","Scribner"
222,"FS1879A","Stockton","Male","Rudder Grange","Novel","Cloth",,1.25,0.15,"10%","Scribner's",1879,"FS",".15","1.25","","Scribner"
223,"FS1894A","Stockton","Male","Pomona’s Travels",,"Cloth",,2,0.15,,"Scribner's",1894,"FS",".15","2.00","","Scribner"
224,"FS1897A","Stockton","Male","Pomona’s Travels","Novel","Paper",,1,0.15,,"Scribner's",1897,"FS",".15","1.00","","Scribner"
225,"FS1895A","Stockton","Male","Adventures of Captain Horn",,"Cloth","1895",1.5,0.15,"15%","Scribner's",1895,"FS",".15","1.50","","Scribner"
226,"FS1896A","Stockton","Male","Mrs. Cliff’s Yacht",,"Cloth",,1.5,0.15,,"Scribner's",1896,"FS",".15","1.50","","Scribner"
228,"OT1898A","Thanet","Female","Heart of Toil","Novel","Cloth","1898",1.5,,"pseud. of Alice French","Scribner's",1898,"OT","","1.50","","Scribner"
231,"EW1901A","Wharton","Female","Crucial Instances","Short Story Collection/Novella","Cloth","1901",1.5,0.15,"15%","Scribner's",1901,"EW",".15","1.50","","Scribner"
232,"EW1899A","Wharton","Female","The Greater Inclination","Short Story Collection/Novella","Cloth","1899",1.5,0.1,"10%","Scribner's",1899,"EW",".10","1.50","","Scribner"
233,"EW1900A","Wharton","Female","The Touchstone","Novel","Cloth","1900",1.25,0.15,"15%","Scribner's",1900,"EW",".15","1.25","","Scribner"
234,"EW1902A","Wharton","Female","The Valley of Decision","Novel","Cloth","1902; Unlabeled: [2 vols]",2,0.15,"15%2000 advance royalty","Scribner's",1902,"EW",".15","2.00","[2 vols]","Scribner"
235,"EW1902B","Wharton",,"The Valley of Decision","Novel","Paper","1902; Unlabeled: [1 vol]",1.5,0.15,"15%","Scribner's",1902,"EW",".15","1.50","[1 vol]","Scribner"
236,"EW1905A","Wharton","Female","The House of Mirth","Novel","Cloth",,,,,"Scribner's",1905,"EW","","","","Scribner"
237,"EW1909A","Wharton","Female","Artemis to Acteon","Poetry","Cloth",,,,,"Scribner's",1909,"EW","","","","Scribner"
238,"EW1913A","Wharton","Female","The Custom of the Country","Novel","Cloth",,,,,"Scribner's",1913,"EW","","","","Scribner"
